"supplier_id","supplier_name","contact_name","contact_phone","address"
"1","供应商1","联系人1","13800000001","北京市海淀区001"
"2","供应商2","联系人2","13800000002","北京市海淀区002"
"3","供应商3","联系人3","13800000003","北京市海淀区003"
"4","供应商4","联系人4","13800000004","北京市海淀区004"
"5","供应商5","联系人5","13800000005","北京市海淀区005"
"6","供应商6","联系人6","13800000006","北京市海淀区006"
"7","供应商7","联系人7","13800000007","北京市海淀区007"
"8","供应商8","联系人8","13800000008","北京市海淀区008"
"9","供应商9","联系人9","13800000009","北京市海淀区009"
"10","供应商10","联系人10","13800000010","北京市海淀区010"
"11","供应商11","联系人11","13800000011","北京市海淀区011"
"12","供应商12","联系人12","13800000012","北京市海淀区012"
"13","供应商13","联系人13","13800000013","北京市海淀区013"
"14","供应商14","联系人14","13800000014","北京市海淀区014"
"15","供应商15","联系人15","13800000015","北京市海淀区015"
"16","供应商16","联系人16","13800000016","北京市海淀区016"
"17","供应商17","联系人17","13800000017","北京市海淀区017"
"18","供应商18","联系人18","13800000018","北京市海淀区018"
"19","供应商19","联系人19","13800000019","北京市海淀区019"
"20","供应商20","联系人20","13800000020","北京市海淀区020"
"21","供应商21","联系人21","13800000021","北京市海淀区021"
"22","供应商22","联系人22","13800000022","北京市海淀区022"
"23","供应商23","联系人23","13800000023","北京市海淀区023"
"24","供应商24","联系人24","13800000024","北京市海淀区024"
"25","供应商25","联系人25","13800000025","北京市海淀区025"
"26","供应商26","联系人26","13800000026","北京市海淀区026"
"27","供应商27","联系人27","13800000027","北京市海淀区027"
"28","供应商28","联系人28","13800000028","北京市海淀区028"
"29","供应商29","联系人29","13800000029","北京市海淀区029"
"30","供应商30","联系人30","13800000030","北京市海淀区030"
"31","供应商31","联系人31","13800000031","北京市海淀区031"
"32","供应商32","联系人32","13800000032","北京市海淀区032"
"33","供应商33","联系人33","13800000033","北京市海淀区033"
"34","供应商34","联系人34","13800000034","北京市海淀区034"
"35","供应商35","联系人35","13800000035","北京市海淀区035"
"36","供应商36","联系人36","13800000036","北京市海淀区036"
"37","供应商37","联系人37","13800000037","北京市海淀区037"
"38","供应商38","联系人38","13800000038","北京市海淀区038"
"39","供应商39","联系人39","13800000039","北京市海淀区039"
"40","供应商40","联系人40","13800000040","北京市海淀区040"
"41","供应商41","联系人41","13800000041","北京市海淀区041"
"42","供应商42","联系人42","13800000042","北京市海淀区042"
"43","供应商43","联系人43","13800000043","北京市海淀区043"
"44","供应商44","联系人44","13800000044","北京市海淀区044"
"45","供应商45","联系人45","13800000045","北京市海淀区045"
"46","供应商46","联系人46","13800000046","北京市海淀区046"
"47","供应商47","联系人47","13800000047","北京市海淀区047"
"48","供应商48","联系人48","13800000048","北京市海淀区048"
"49","供应商49","联系人49","13800000049","北京市海淀区049"
"50","供应商50","联系人50","13800000050","北京市海淀区050"
"51","供应商51","联系人51","13800000051","北京市海淀区051"
"52","供应商52","联系人52","13800000052","北京市海淀区052"
"53","供应商53","联系人53","13800000053","北京市海淀区053"
"54","供应商54","联系人54","13800000054","北京市海淀区054"
"55","供应商55","联系人55","13800000055","北京市海淀区055"
"56","供应商56","联系人56","13800000056","北京市海淀区056"
"57","供应商57","联系人57","13800000057","北京市海淀区057"
"58","供应商58","联系人58","13800000058","北京市海淀区058"
"59","供应商59","联系人59","13800000059","北京市海淀区059"
"60","供应商60","联系人60","13800000060","北京市海淀区060"
"61","供应商61","联系人61","13800000061","北京市海淀区061"
"62","供应商62","联系人62","13800000062","北京市海淀区062"
"63","供应商63","联系人63","13800000063","北京市海淀区063"
"64","供应商64","联系人64","13800000064","北京市海淀区064"
"65","供应商65","联系人65","13800000065","北京市海淀区065"
"66","供应商66","联系人66","13800000066","北京市海淀区066"
"67","供应商67","联系人67","13800000067","北京市海淀区067"
"68","供应商68","联系人68","13800000068","北京市海淀区068"
"69","供应商69","联系人69","13800000069","北京市海淀区069"
"70","供应商70","联系人70","13800000070","北京市海淀区070"
"71","供应商71","联系人71","13800000071","北京市海淀区071"
"72","供应商72","联系人72","13800000072","北京市海淀区072"
"73","供应商73","联系人73","13800000073","北京市海淀区073"
"74","供应商74","联系人74","13800000074","北京市海淀区074"
"75","供应商75","联系人75","13800000075","北京市海淀区075"
"76","供应商76","联系人76","13800000076","北京市海淀区076"
"77","供应商77","联系人77","13800000077","北京市海淀区077"
"78","供应商78","联系人78","13800000078","北京市海淀区078"
"79","供应商79","联系人79","13800000079","北京市海淀区079"
"80","供应商80","联系人80","13800000080","北京市海淀区080"
"81","供应商81","联系人81","13800000081","北京市海淀区081"
"82","供应商82","联系人82","13800000082","北京市海淀区082"
"83","供应商83","联系人83","13800000083","北京市海淀区083"
"84","供应商84","联系人84","13800000084","北京市海淀区084"
"85","供应商85","联系人85","13800000085","北京市海淀区085"
"86","供应商86","联系人86","13800000086","北京市海淀区086"
"87","供应商87","联系人87","13800000087","北京市海淀区087"
"88","供应商88","联系人88","13800000088","北京市海淀区088"
"89","供应商89","联系人89","13800000089","北京市海淀区089"
"90","供应商90","联系人90","13800000090","北京市海淀区090"
"91","供应商91","联系人91","13800000091","北京市海淀区091"
"92","供应商92","联系人92","13800000092","北京市海淀区092"
"93","供应商93","联系人93","13800000093","北京市海淀区093"
"94","供应商94","联系人94","13800000094","北京市海淀区094"
"95","供应商95","联系人95","13800000095","北京市海淀区095"
"96","供应商96","联系人96","13800000096","北京市海淀区096"
"97","供应商97","联系人97","13800000097","北京市海淀区097"
"98","供应商98","联系人98","13800000098","北京市海淀区098"
"99","供应商99","联系人99","13800000099","北京市海淀区099"
"100","供应商100","联系人100","13800000100","北京市海淀区100"
"101","供应商101","联系人101","13800000101","北京市海淀区101"
"102","供应商102","联系人102","13800000102","北京市海淀区102"
"103","供应商103","联系人103","13800000103","北京市海淀区103"
"104","供应商104","联系人104","13800000104","北京市海淀区104"
"105","供应商105","联系人105","13800000105","北京市海淀区105"
"106","供应商106","联系人106","13800000106","北京市海淀区106"
"107","供应商107","联系人107","13800000107","北京市海淀区107"
"108","供应商108","联系人108","13800000108","北京市海淀区108"
"109","供应商109","联系人109","13800000109","北京市海淀区109"
"110","供应商110","联系人110","13800000110","北京市海淀区110"
"111","供应商111","联系人111","13800000111","北京市海淀区111"
"112","供应商112","联系人112","13800000112","北京市海淀区112"
"113","供应商113","联系人113","13800000113","北京市海淀区113"
"114","供应商114","联系人114","13800000114","北京市海淀区114"
"115","供应商115","联系人115","13800000115","北京市海淀区115"
"116","供应商116","联系人116","13800000116","北京市海淀区116"
"117","供应商117","联系人117","13800000117","北京市海淀区117"
"118","供应商118","联系人118","13800000118","北京市海淀区118"
"119","供应商119","联系人119","13800000119","北京市海淀区119"
"120","供应商120","联系人120","13800000120","北京市海淀区120"
"121","供应商121","联系人121","13800000121","北京市海淀区121"
"122","供应商122","联系人122","13800000122","北京市海淀区122"
"123","供应商123","联系人123","13800000123","北京市海淀区123"
"124","供应商124","联系人124","13800000124","北京市海淀区124"
"125","供应商125","联系人125","13800000125","北京市海淀区125"
"126","供应商126","联系人126","13800000126","北京市海淀区126"
"127","供应商127","联系人127","13800000127","北京市海淀区127"
"128","供应商128","联系人128","13800000128","北京市海淀区128"
"129","供应商129","联系人129","13800000129","北京市海淀区129"
"130","供应商130","联系人130","13800000130","北京市海淀区130"
"131","供应商131","联系人131","13800000131","北京市海淀区131"
"132","供应商132","联系人132","13800000132","北京市海淀区132"
"133","供应商133","联系人133","13800000133","北京市海淀区133"
"134","供应商134","联系人134","13800000134","北京市海淀区134"
"135","供应商135","联系人135","13800000135","北京市海淀区135"
"136","供应商136","联系人136","13800000136","北京市海淀区136"
"137","供应商137","联系人137","13800000137","北京市海淀区137"
"138","供应商138","联系人138","13800000138","北京市海淀区138"
"139","供应商139","联系人139","13800000139","北京市海淀区139"
"140","供应商140","联系人140","13800000140","北京市海淀区140"
"141","供应商141","联系人141","13800000141","北京市海淀区141"
"142","供应商142","联系人142","13800000142","北京市海淀区142"
"143","供应商143","联系人143","13800000143","北京市海淀区143"
"144","供应商144","联系人144","13800000144","北京市海淀区144"
"145","供应商145","联系人145","13800000145","北京市海淀区145"
"146","供应商146","联系人146","13800000146","北京市海淀区146"
"147","供应商147","联系人147","13800000147","北京市海淀区147"
"148","供应商148","联系人148","13800000148","北京市海淀区148"
"149","供应商149","联系人149","13800000149","北京市海淀区149"
"150","供应商150","联系人150","13800000150","北京市海淀区150"
"151","供应商151","联系人151","13800000151","北京市海淀区151"
"152","供应商152","联系人152","13800000152","北京市海淀区152"
"153","供应商153","联系人153","13800000153","北京市海淀区153"
"154","供应商154","联系人154","13800000154","北京市海淀区154"
"155","供应商155","联系人155","13800000155","北京市海淀区155"
"156","供应商156","联系人156","13800000156","北京市海淀区156"
"157","供应商157","联系人157","13800000157","北京市海淀区157"
"158","供应商158","联系人158","13800000158","北京市海淀区158"
"159","供应商159","联系人159","13800000159","北京市海淀区159"
"160","供应商160","联系人160","13800000160","北京市海淀区160"
"161","供应商161","联系人161","13800000161","北京市海淀区161"
"162","供应商162","联系人162","13800000162","北京市海淀区162"
"163","供应商163","联系人163","13800000163","北京市海淀区163"
"164","供应商164","联系人164","13800000164","北京市海淀区164"
"165","供应商165","联系人165","13800000165","北京市海淀区165"
"166","供应商166","联系人166","13800000166","北京市海淀区166"
"167","供应商167","联系人167","13800000167","北京市海淀区167"
"168","供应商168","联系人168","13800000168","北京市海淀区168"
"169","供应商169","联系人169","13800000169","北京市海淀区169"
"170","供应商170","联系人170","13800000170","北京市海淀区170"
"171","供应商171","联系人171","13800000171","北京市海淀区171"
"172","供应商172","联系人172","13800000172","北京市海淀区172"
"173","供应商173","联系人173","13800000173","北京市海淀区173"
"174","供应商174","联系人174","13800000174","北京市海淀区174"
"175","供应商175","联系人175","13800000175","北京市海淀区175"
"176","供应商176","联系人176","13800000176","北京市海淀区176"
"177","供应商177","联系人177","13800000177","北京市海淀区177"
"178","供应商178","联系人178","13800000178","北京市海淀区178"
"179","供应商179","联系人179","13800000179","北京市海淀区179"
"180","供应商180","联系人180","13800000180","北京市海淀区180"
"181","供应商181","联系人181","13800000181","北京市海淀区181"
"182","供应商182","联系人182","13800000182","北京市海淀区182"
"183","供应商183","联系人183","13800000183","北京市海淀区183"
"184","供应商184","联系人184","13800000184","北京市海淀区184"
"185","供应商185","联系人185","13800000185","北京市海淀区185"
"186","供应商186","联系人186","13800000186","北京市海淀区186"
"187","供应商187","联系人187","13800000187","北京市海淀区187"
"188","供应商188","联系人188","13800000188","北京市海淀区188"
"189","供应商189","联系人189","13800000189","北京市海淀区189"
"190","供应商190","联系人190","13800000190","北京市海淀区190"
"191","供应商191","联系人191","13800000191","北京市海淀区191"
"192","供应商192","联系人192","13800000192","北京市海淀区192"
"193","供应商193","联系人193","13800000193","北京市海淀区193"
"194","供应商194","联系人194","13800000194","北京市海淀区194"
"195","供应商195","联系人195","13800000195","北京市海淀区195"
"196","供应商196","联系人196","13800000196","北京市海淀区196"
"197","供应商197","联系人197","13800000197","北京市海淀区197"
"198","供应商198","联系人198","13800000198","北京市海淀区198"
"199","供应商199","联系人199","13800000199","北京市海淀区199"
"200","供应商200","联系人200","13800000200","北京市海淀区200"
"201","供应商201","联系人201","13800000201","北京市海淀区201"
"202","供应商202","联系人202","13800000202","北京市海淀区202"
"203","供应商203","联系人203","13800000203","北京市海淀区203"
"204","供应商204","联系人204","13800000204","北京市海淀区204"
"205","供应商205","联系人205","13800000205","北京市海淀区205"
"206","供应商206","联系人206","13800000206","北京市海淀区206"
"207","供应商207","联系人207","13800000207","北京市海淀区207"
"208","供应商208","联系人208","13800000208","北京市海淀区208"
"209","供应商209","联系人209","13800000209","北京市海淀区209"
"210","供应商210","联系人210","13800000210","北京市海淀区210"
"211","供应商211","联系人211","13800000211","北京市海淀区211"
"212","供应商212","联系人212","13800000212","北京市海淀区212"
"213","供应商213","联系人213","13800000213","北京市海淀区213"
"214","供应商214","联系人214","13800000214","北京市海淀区214"
"215","供应商215","联系人215","13800000215","北京市海淀区215"
"216","供应商216","联系人216","13800000216","北京市海淀区216"
"217","供应商217","联系人217","13800000217","北京市海淀区217"
"218","供应商218","联系人218","13800000218","北京市海淀区218"
"219","供应商219","联系人219","13800000219","北京市海淀区219"
"220","供应商220","联系人220","13800000220","北京市海淀区220"
"221","供应商221","联系人221","13800000221","北京市海淀区221"
"222","供应商222","联系人222","13800000222","北京市海淀区222"
"223","供应商223","联系人223","13800000223","北京市海淀区223"
"224","供应商224","联系人224","13800000224","北京市海淀区224"
"225","供应商225","联系人225","13800000225","北京市海淀区225"
"226","供应商226","联系人226","13800000226","北京市海淀区226"
"227","供应商227","联系人227","13800000227","北京市海淀区227"
"228","供应商228","联系人228","13800000228","北京市海淀区228"
"229","供应商229","联系人229","13800000229","北京市海淀区229"
"230","供应商230","联系人230","13800000230","北京市海淀区230"
"231","供应商231","联系人231","13800000231","北京市海淀区231"
"232","供应商232","联系人232","13800000232","北京市海淀区232"
"233","供应商233","联系人233","13800000233","北京市海淀区233"
"234","供应商234","联系人234","13800000234","北京市海淀区234"
"235","供应商235","联系人235","13800000235","北京市海淀区235"
"236","供应商236","联系人236","13800000236","北京市海淀区236"
"237","供应商237","联系人237","13800000237","北京市海淀区237"
"238","供应商238","联系人238","13800000238","北京市海淀区238"
"239","供应商239","联系人239","13800000239","北京市海淀区239"
"240","供应商240","联系人240","13800000240","北京市海淀区240"
"241","供应商241","联系人241","13800000241","北京市海淀区241"
"242","供应商242","联系人242","13800000242","北京市海淀区242"
"243","供应商243","联系人243","13800000243","北京市海淀区243"
"244","供应商244","联系人244","13800000244","北京市海淀区244"
"245","供应商245","联系人245","13800000245","北京市海淀区245"
"246","供应商246","联系人246","13800000246","北京市海淀区246"
"247","供应商247","联系人247","13800000247","北京市海淀区247"
"248","供应商248","联系人248","13800000248","北京市海淀区248"
"249","供应商249","联系人249","13800000249","北京市海淀区249"
"250","供应商250","联系人250","13800000250","北京市海淀区250"
"251","供应商251","联系人251","13800000251","北京市海淀区251"
"252","供应商252","联系人252","13800000252","北京市海淀区252"
"253","供应商253","联系人253","13800000253","北京市海淀区253"
"254","供应商254","联系人254","13800000254","北京市海淀区254"
"255","供应商255","联系人255","13800000255","北京市海淀区255"
"256","供应商256","联系人256","13800000256","北京市海淀区256"
"257","供应商257","联系人257","13800000257","北京市海淀区257"
"258","供应商258","联系人258","13800000258","北京市海淀区258"
"259","供应商259","联系人259","13800000259","北京市海淀区259"
"260","供应商260","联系人260","13800000260","北京市海淀区260"
"261","供应商261","联系人261","13800000261","北京市海淀区261"
"262","供应商262","联系人262","13800000262","北京市海淀区262"
"263","供应商263","联系人263","13800000263","北京市海淀区263"
"264","供应商264","联系人264","13800000264","北京市海淀区264"
"265","供应商265","联系人265","13800000265","北京市海淀区265"
"266","供应商266","联系人266","13800000266","北京市海淀区266"
"267","供应商267","联系人267","13800000267","北京市海淀区267"
"268","供应商268","联系人268","13800000268","北京市海淀区268"
"269","供应商269","联系人269","13800000269","北京市海淀区269"
"270","供应商270","联系人270","13800000270","北京市海淀区270"
"271","供应商271","联系人271","13800000271","北京市海淀区271"
"272","供应商272","联系人272","13800000272","北京市海淀区272"
"273","供应商273","联系人273","13800000273","北京市海淀区273"
"274","供应商274","联系人274","13800000274","北京市海淀区274"
"275","供应商275","联系人275","13800000275","北京市海淀区275"
"276","供应商276","联系人276","13800000276","北京市海淀区276"
"277","供应商277","联系人277","13800000277","北京市海淀区277"
"278","供应商278","联系人278","13800000278","北京市海淀区278"
"279","供应商279","联系人279","13800000279","北京市海淀区279"
"280","供应商280","联系人280","13800000280","北京市海淀区280"
"281","供应商281","联系人281","13800000281","北京市海淀区281"
"282","供应商282","联系人282","13800000282","北京市海淀区282"
"283","供应商283","联系人283","13800000283","北京市海淀区283"
"284","供应商284","联系人284","13800000284","北京市海淀区284"
"285","供应商285","联系人285","13800000285","北京市海淀区285"
"286","供应商286","联系人286","13800000286","北京市海淀区286"
"287","供应商287","联系人287","13800000287","北京市海淀区287"
"288","供应商288","联系人288","13800000288","北京市海淀区288"
"289","供应商289","联系人289","13800000289","北京市海淀区289"
"290","供应商290","联系人290","13800000290","北京市海淀区290"
"291","供应商291","联系人291","13800000291","北京市海淀区291"
"292","供应商292","联系人292","13800000292","北京市海淀区292"
"293","供应商293","联系人293","13800000293","北京市海淀区293"
"294","供应商294","联系人294","13800000294","北京市海淀区294"
"295","供应商295","联系人295","13800000295","北京市海淀区295"
"296","供应商296","联系人296","13800000296","北京市海淀区296"
"297","供应商297","联系人297","13800000297","北京市海淀区297"
"298","供应商298","联系人298","13800000298","北京市海淀区298"
"299","供应商299","联系人299","13800000299","北京市海淀区299"
"300","供应商300","联系人300","13800000300","北京市海淀区300"
"301","供应商301","联系人301","13800000301","北京市海淀区301"
"302","供应商302","联系人302","13800000302","北京市海淀区302"
"303","供应商303","联系人303","13800000303","北京市海淀区303"
"304","供应商304","联系人304","13800000304","北京市海淀区304"
"305","供应商305","联系人305","13800000305","北京市海淀区305"
"306","供应商306","联系人306","13800000306","北京市海淀区306"
"307","供应商307","联系人307","13800000307","北京市海淀区307"
"308","供应商308","联系人308","13800000308","北京市海淀区308"
"309","供应商309","联系人309","13800000309","北京市海淀区309"
"310","供应商310","联系人310","13800000310","北京市海淀区310"
"311","供应商311","联系人311","13800000311","北京市海淀区311"
"312","供应商312","联系人312","13800000312","北京市海淀区312"
"313","供应商313","联系人313","13800000313","北京市海淀区313"
"314","供应商314","联系人314","13800000314","北京市海淀区314"
"315","供应商315","联系人315","13800000315","北京市海淀区315"
"316","供应商316","联系人316","13800000316","北京市海淀区316"
"317","供应商317","联系人317","13800000317","北京市海淀区317"
"318","供应商318","联系人318","13800000318","北京市海淀区318"
"319","供应商319","联系人319","13800000319","北京市海淀区319"
"320","供应商320","联系人320","13800000320","北京市海淀区320"
"321","供应商321","联系人321","13800000321","北京市海淀区321"
"322","供应商322","联系人322","13800000322","北京市海淀区322"
"323","供应商323","联系人323","13800000323","北京市海淀区323"
"324","供应商324","联系人324","13800000324","北京市海淀区324"
"325","供应商325","联系人325","13800000325","北京市海淀区325"
"326","供应商326","联系人326","13800000326","北京市海淀区326"
"327","供应商327","联系人327","13800000327","北京市海淀区327"
"328","供应商328","联系人328","13800000328","北京市海淀区328"
"329","供应商329","联系人329","13800000329","北京市海淀区329"
"330","供应商330","联系人330","13800000330","北京市海淀区330"
"331","供应商331","联系人331","13800000331","北京市海淀区331"
"332","供应商332","联系人332","13800000332","北京市海淀区332"
"333","供应商333","联系人333","13800000333","北京市海淀区333"
"334","供应商334","联系人334","13800000334","北京市海淀区334"
"335","供应商335","联系人335","13800000335","北京市海淀区335"
"336","供应商336","联系人336","13800000336","北京市海淀区336"
"337","供应商337","联系人337","13800000337","北京市海淀区337"
"338","供应商338","联系人338","13800000338","北京市海淀区338"
"339","供应商339","联系人339","13800000339","北京市海淀区339"
"340","供应商340","联系人340","13800000340","北京市海淀区340"
"341","供应商341","联系人341","13800000341","北京市海淀区341"
"342","供应商342","联系人342","13800000342","北京市海淀区342"
"343","供应商343","联系人343","13800000343","北京市海淀区343"
"344","供应商344","联系人344","13800000344","北京市海淀区344"
"345","供应商345","联系人345","13800000345","北京市海淀区345"
"346","供应商346","联系人346","13800000346","北京市海淀区346"
"347","供应商347","联系人347","13800000347","北京市海淀区347"
"348","供应商348","联系人348","13800000348","北京市海淀区348"
"349","供应商349","联系人349","13800000349","北京市海淀区349"
"350","供应商350","联系人350","13800000350","北京市海淀区350"
"351","供应商351","联系人351","13800000351","北京市海淀区351"
"352","供应商352","联系人352","13800000352","北京市海淀区352"
"353","供应商353","联系人353","13800000353","北京市海淀区353"
"354","供应商354","联系人354","13800000354","北京市海淀区354"
"355","供应商355","联系人355","13800000355","北京市海淀区355"
"356","供应商356","联系人356","13800000356","北京市海淀区356"
"357","供应商357","联系人357","13800000357","北京市海淀区357"
"358","供应商358","联系人358","13800000358","北京市海淀区358"
"359","供应商359","联系人359","13800000359","北京市海淀区359"
"360","供应商360","联系人360","13800000360","北京市海淀区360"
"361","供应商361","联系人361","13800000361","北京市海淀区361"
"362","供应商362","联系人362","13800000362","北京市海淀区362"
"363","供应商363","联系人363","13800000363","北京市海淀区363"
"364","供应商364","联系人364","13800000364","北京市海淀区364"
"365","供应商365","联系人365","13800000365","北京市海淀区365"
"366","供应商366","联系人366","13800000366","北京市海淀区366"
"367","供应商367","联系人367","13800000367","北京市海淀区367"
"368","供应商368","联系人368","13800000368","北京市海淀区368"
"369","供应商369","联系人369","13800000369","北京市海淀区369"
"370","供应商370","联系人370","13800000370","北京市海淀区370"
"371","供应商371","联系人371","13800000371","北京市海淀区371"
"372","供应商372","联系人372","13800000372","北京市海淀区372"
"373","供应商373","联系人373","13800000373","北京市海淀区373"
"374","供应商374","联系人374","13800000374","北京市海淀区374"
"375","供应商375","联系人375","13800000375","北京市海淀区375"
"376","供应商376","联系人376","13800000376","北京市海淀区376"
"377","供应商377","联系人377","13800000377","北京市海淀区377"
"378","供应商378","联系人378","13800000378","北京市海淀区378"
"379","供应商379","联系人379","13800000379","北京市海淀区379"
"380","供应商380","联系人380","13800000380","北京市海淀区380"
"381","供应商381","联系人381","13800000381","北京市海淀区381"
"382","供应商382","联系人382","13800000382","北京市海淀区382"
"383","供应商383","联系人383","13800000383","北京市海淀区383"
"384","供应商384","联系人384","13800000384","北京市海淀区384"
"385","供应商385","联系人385","13800000385","北京市海淀区385"
"386","供应商386","联系人386","13800000386","北京市海淀区386"
"387","供应商387","联系人387","13800000387","北京市海淀区387"
"388","供应商388","联系人388","13800000388","北京市海淀区388"
"389","供应商389","联系人389","13800000389","北京市海淀区389"
"390","供应商390","联系人390","13800000390","北京市海淀区390"
"391","供应商391","联系人391","13800000391","北京市海淀区391"
"392","供应商392","联系人392","13800000392","北京市海淀区392"
"393","供应商393","联系人393","13800000393","北京市海淀区393"
"394","供应商394","联系人394","13800000394","北京市海淀区394"
"395","供应商395","联系人395","13800000395","北京市海淀区395"
"396","供应商396","联系人396","13800000396","北京市海淀区396"
"397","供应商397","联系人397","13800000397","北京市海淀区397"
"398","供应商398","联系人398","13800000398","北京市海淀区398"
"399","供应商399","联系人399","13800000399","北京市海淀区399"
"400","供应商400","联系人400","13800000400","北京市海淀区400"
"401","供应商401","联系人401","13800000401","北京市海淀区401"
"402","供应商402","联系人402","13800000402","北京市海淀区402"
"403","供应商403","联系人403","13800000403","北京市海淀区403"
"404","供应商404","联系人404","13800000404","北京市海淀区404"
"405","供应商405","联系人405","13800000405","北京市海淀区405"
"406","供应商406","联系人406","13800000406","北京市海淀区406"
"407","供应商407","联系人407","13800000407","北京市海淀区407"
"408","供应商408","联系人408","13800000408","北京市海淀区408"
"409","供应商409","联系人409","13800000409","北京市海淀区409"
"410","供应商410","联系人410","13800000410","北京市海淀区410"
"411","供应商411","联系人411","13800000411","北京市海淀区411"
"412","供应商412","联系人412","13800000412","北京市海淀区412"
"413","供应商413","联系人413","13800000413","北京市海淀区413"
"414","供应商414","联系人414","13800000414","北京市海淀区414"
"415","供应商415","联系人415","13800000415","北京市海淀区415"
"416","供应商416","联系人416","13800000416","北京市海淀区416"
"417","供应商417","联系人417","13800000417","北京市海淀区417"
"418","供应商418","联系人418","13800000418","北京市海淀区418"
"419","供应商419","联系人419","13800000419","北京市海淀区419"
"420","供应商420","联系人420","13800000420","北京市海淀区420"
"421","供应商421","联系人421","13800000421","北京市海淀区421"
"422","供应商422","联系人422","13800000422","北京市海淀区422"
"423","供应商423","联系人423","13800000423","北京市海淀区423"
"424","供应商424","联系人424","13800000424","北京市海淀区424"
"425","供应商425","联系人425","13800000425","北京市海淀区425"
"426","供应商426","联系人426","13800000426","北京市海淀区426"
"427","供应商427","联系人427","13800000427","北京市海淀区427"
"428","供应商428","联系人428","13800000428","北京市海淀区428"
"429","供应商429","联系人429","13800000429","北京市海淀区429"
"430","供应商430","联系人430","13800000430","北京市海淀区430"
"431","供应商431","联系人431","13800000431","北京市海淀区431"
"432","供应商432","联系人432","13800000432","北京市海淀区432"
"433","供应商433","联系人433","13800000433","北京市海淀区433"
"434","供应商434","联系人434","13800000434","北京市海淀区434"
"435","供应商435","联系人435","13800000435","北京市海淀区435"
"436","供应商436","联系人436","13800000436","北京市海淀区436"
"437","供应商437","联系人437","13800000437","北京市海淀区437"
"438","供应商438","联系人438","13800000438","北京市海淀区438"
"439","供应商439","联系人439","13800000439","北京市海淀区439"
"440","供应商440","联系人440","13800000440","北京市海淀区440"
"441","供应商441","联系人441","13800000441","北京市海淀区441"
"442","供应商442","联系人442","13800000442","北京市海淀区442"
"443","供应商443","联系人443","13800000443","北京市海淀区443"
"444","供应商444","联系人444","13800000444","北京市海淀区444"
"445","供应商445","联系人445","13800000445","北京市海淀区445"
"446","供应商446","联系人446","13800000446","北京市海淀区446"
"447","供应商447","联系人447","13800000447","北京市海淀区447"
"448","供应商448","联系人448","13800000448","北京市海淀区448"
"449","供应商449","联系人449","13800000449","北京市海淀区449"
"450","供应商450","联系人450","13800000450","北京市海淀区450"
"451","供应商451","联系人451","13800000451","北京市海淀区451"
"452","供应商452","联系人452","13800000452","北京市海淀区452"
"453","供应商453","联系人453","13800000453","北京市海淀区453"
"454","供应商454","联系人454","13800000454","北京市海淀区454"
"455","供应商455","联系人455","13800000455","北京市海淀区455"
"456","供应商456","联系人456","13800000456","北京市海淀区456"
"457","供应商457","联系人457","13800000457","北京市海淀区457"
"458","供应商458","联系人458","13800000458","北京市海淀区458"
"459","供应商459","联系人459","13800000459","北京市海淀区459"
"460","供应商460","联系人460","13800000460","北京市海淀区460"
"461","供应商461","联系人461","13800000461","北京市海淀区461"
"462","供应商462","联系人462","13800000462","北京市海淀区462"
"463","供应商463","联系人463","13800000463","北京市海淀区463"
"464","供应商464","联系人464","13800000464","北京市海淀区464"
"465","供应商465","联系人465","13800000465","北京市海淀区465"
"466","供应商466","联系人466","13800000466","北京市海淀区466"
"467","供应商467","联系人467","13800000467","北京市海淀区467"
"468","供应商468","联系人468","13800000468","北京市海淀区468"
"469","供应商469","联系人469","13800000469","北京市海淀区469"
"470","供应商470","联系人470","13800000470","北京市海淀区470"
"471","供应商471","联系人471","13800000471","北京市海淀区471"
"472","供应商472","联系人472","13800000472","北京市海淀区472"
"473","供应商473","联系人473","13800000473","北京市海淀区473"
"474","供应商474","联系人474","13800000474","北京市海淀区474"
"475","供应商475","联系人475","13800000475","北京市海淀区475"
"476","供应商476","联系人476","13800000476","北京市海淀区476"
"477","供应商477","联系人477","13800000477","北京市海淀区477"
"478","供应商478","联系人478","13800000478","北京市海淀区478"
"479","供应商479","联系人479","13800000479","北京市海淀区479"
"480","供应商480","联系人480","13800000480","北京市海淀区480"
"481","供应商481","联系人481","13800000481","北京市海淀区481"
"482","供应商482","联系人482","13800000482","北京市海淀区482"
"483","供应商483","联系人483","13800000483","北京市海淀区483"
"484","供应商484","联系人484","13800000484","北京市海淀区484"
"485","供应商485","联系人485","13800000485","北京市海淀区485"
"486","供应商486","联系人486","13800000486","北京市海淀区486"
"487","供应商487","联系人487","13800000487","北京市海淀区487"
"488","供应商488","联系人488","13800000488","北京市海淀区488"
"489","供应商489","联系人489","13800000489","北京市海淀区489"
"490","供应商490","联系人490","13800000490","北京市海淀区490"
"491","供应商491","联系人491","13800000491","北京市海淀区491"
"492","供应商492","联系人492","13800000492","北京市海淀区492"
"493","供应商493","联系人493","13800000493","北京市海淀区493"
"494","供应商494","联系人494","13800000494","北京市海淀区494"
"495","供应商495","联系人495","13800000495","北京市海淀区495"
"496","供应商496","联系人496","13800000496","北京市海淀区496"
"497","供应商497","联系人497","13800000497","北京市海淀区497"
"498","供应商498","联系人498","13800000498","北京市海淀区498"
"499","供应商499","联系人499","13800000499","北京市海淀区499"
"500","供应商500","联系人500","13800000500","北京市海淀区500"
"501","供应商501","联系人501","13800000501","北京市海淀区501"
"502","供应商502","联系人502","13800000502","北京市海淀区502"
"503","供应商503","联系人503","13800000503","北京市海淀区503"
"504","供应商504","联系人504","13800000504","北京市海淀区504"
"505","供应商505","联系人505","13800000505","北京市海淀区505"
"506","供应商506","联系人506","13800000506","北京市海淀区506"
"507","供应商507","联系人507","13800000507","北京市海淀区507"
"508","供应商508","联系人508","13800000508","北京市海淀区508"
"509","供应商509","联系人509","13800000509","北京市海淀区509"
"510","供应商510","联系人510","13800000510","北京市海淀区510"
"511","供应商511","联系人511","13800000511","北京市海淀区511"
"512","供应商512","联系人512","13800000512","北京市海淀区512"
"513","供应商513","联系人513","13800000513","北京市海淀区513"
"514","供应商514","联系人514","13800000514","北京市海淀区514"
"515","供应商515","联系人515","13800000515","北京市海淀区515"
"516","供应商516","联系人516","13800000516","北京市海淀区516"
"517","供应商517","联系人517","13800000517","北京市海淀区517"
"518","供应商518","联系人518","13800000518","北京市海淀区518"
"519","供应商519","联系人519","13800000519","北京市海淀区519"
"520","供应商520","联系人520","13800000520","北京市海淀区520"
"521","供应商521","联系人521","13800000521","北京市海淀区521"
"522","供应商522","联系人522","13800000522","北京市海淀区522"
"523","供应商523","联系人523","13800000523","北京市海淀区523"
"524","供应商524","联系人524","13800000524","北京市海淀区524"
"525","供应商525","联系人525","13800000525","北京市海淀区525"
"526","供应商526","联系人526","13800000526","北京市海淀区526"
"527","供应商527","联系人527","13800000527","北京市海淀区527"
"528","供应商528","联系人528","13800000528","北京市海淀区528"
"529","供应商529","联系人529","13800000529","北京市海淀区529"
"530","供应商530","联系人530","13800000530","北京市海淀区530"
"531","供应商531","联系人531","13800000531","北京市海淀区531"
"532","供应商532","联系人532","13800000532","北京市海淀区532"
"533","供应商533","联系人533","13800000533","北京市海淀区533"
"534","供应商534","联系人534","13800000534","北京市海淀区534"
"535","供应商535","联系人535","13800000535","北京市海淀区535"
"536","供应商536","联系人536","13800000536","北京市海淀区536"
"537","供应商537","联系人537","13800000537","北京市海淀区537"
"538","供应商538","联系人538","13800000538","北京市海淀区538"
"539","供应商539","联系人539","13800000539","北京市海淀区539"
"540","供应商540","联系人540","13800000540","北京市海淀区540"
"541","供应商541","联系人541","13800000541","北京市海淀区541"
"542","供应商542","联系人542","13800000542","北京市海淀区542"
"543","供应商543","联系人543","13800000543","北京市海淀区543"
"544","供应商544","联系人544","13800000544","北京市海淀区544"
"545","供应商545","联系人545","13800000545","北京市海淀区545"
"546","供应商546","联系人546","13800000546","北京市海淀区546"
"547","供应商547","联系人547","13800000547","北京市海淀区547"
"548","供应商548","联系人548","13800000548","北京市海淀区548"
"549","供应商549","联系人549","13800000549","北京市海淀区549"
"550","供应商550","联系人550","13800000550","北京市海淀区550"
"551","供应商551","联系人551","13800000551","北京市海淀区551"
"552","供应商552","联系人552","13800000552","北京市海淀区552"
"553","供应商553","联系人553","13800000553","北京市海淀区553"
"554","供应商554","联系人554","13800000554","北京市海淀区554"
"555","供应商555","联系人555","13800000555","北京市海淀区555"
"556","供应商556","联系人556","13800000556","北京市海淀区556"
"557","供应商557","联系人557","13800000557","北京市海淀区557"
"558","供应商558","联系人558","13800000558","北京市海淀区558"
"559","供应商559","联系人559","13800000559","北京市海淀区559"
"560","供应商560","联系人560","13800000560","北京市海淀区560"
"561","供应商561","联系人561","13800000561","北京市海淀区561"
"562","供应商562","联系人562","13800000562","北京市海淀区562"
"563","供应商563","联系人563","13800000563","北京市海淀区563"
"564","供应商564","联系人564","13800000564","北京市海淀区564"
"565","供应商565","联系人565","13800000565","北京市海淀区565"
"566","供应商566","联系人566","13800000566","北京市海淀区566"
"567","供应商567","联系人567","13800000567","北京市海淀区567"
"568","供应商568","联系人568","13800000568","北京市海淀区568"
"569","供应商569","联系人569","13800000569","北京市海淀区569"
"570","供应商570","联系人570","13800000570","北京市海淀区570"
"571","供应商571","联系人571","13800000571","北京市海淀区571"
"572","供应商572","联系人572","13800000572","北京市海淀区572"
"573","供应商573","联系人573","13800000573","北京市海淀区573"
"574","供应商574","联系人574","13800000574","北京市海淀区574"
"575","供应商575","联系人575","13800000575","北京市海淀区575"
"576","供应商576","联系人576","13800000576","北京市海淀区576"
"577","供应商577","联系人577","13800000577","北京市海淀区577"
"578","供应商578","联系人578","13800000578","北京市海淀区578"
"579","供应商579","联系人579","13800000579","北京市海淀区579"
"580","供应商580","联系人580","13800000580","北京市海淀区580"
"581","供应商581","联系人581","13800000581","北京市海淀区581"
"582","供应商582","联系人582","13800000582","北京市海淀区582"
"583","供应商583","联系人583","13800000583","北京市海淀区583"
"584","供应商584","联系人584","13800000584","北京市海淀区584"
"585","供应商585","联系人585","13800000585","北京市海淀区585"
"586","供应商586","联系人586","13800000586","北京市海淀区586"
"587","供应商587","联系人587","13800000587","北京市海淀区587"
"588","供应商588","联系人588","13800000588","北京市海淀区588"
"589","供应商589","联系人589","13800000589","北京市海淀区589"
"590","供应商590","联系人590","13800000590","北京市海淀区590"
"591","供应商591","联系人591","13800000591","北京市海淀区591"
"592","供应商592","联系人592","13800000592","北京市海淀区592"
"593","供应商593","联系人593","13800000593","北京市海淀区593"
"594","供应商594","联系人594","13800000594","北京市海淀区594"
"595","供应商595","联系人595","13800000595","北京市海淀区595"
"596","供应商596","联系人596","13800000596","北京市海淀区596"
"597","供应商597","联系人597","13800000597","北京市海淀区597"
"598","供应商598","联系人598","13800000598","北京市海淀区598"
"599","供应商599","联系人599","13800000599","北京市海淀区599"
"600","供应商600","联系人600","13800000600","北京市海淀区600"
"601","供应商601","联系人601","13800000601","北京市海淀区601"
"602","供应商602","联系人602","13800000602","北京市海淀区602"
"603","供应商603","联系人603","13800000603","北京市海淀区603"
"604","供应商604","联系人604","13800000604","北京市海淀区604"
"605","供应商605","联系人605","13800000605","北京市海淀区605"
"606","供应商606","联系人606","13800000606","北京市海淀区606"
"607","供应商607","联系人607","13800000607","北京市海淀区607"
"608","供应商608","联系人608","13800000608","北京市海淀区608"
"609","供应商609","联系人609","13800000609","北京市海淀区609"
"610","供应商610","联系人610","13800000610","北京市海淀区610"
"611","供应商611","联系人611","13800000611","北京市海淀区611"
"612","供应商612","联系人612","13800000612","北京市海淀区612"
"613","供应商613","联系人613","13800000613","北京市海淀区613"
"614","供应商614","联系人614","13800000614","北京市海淀区614"
"615","供应商615","联系人615","13800000615","北京市海淀区615"
"616","供应商616","联系人616","13800000616","北京市海淀区616"
"617","供应商617","联系人617","13800000617","北京市海淀区617"
"618","供应商618","联系人618","13800000618","北京市海淀区618"
"619","供应商619","联系人619","13800000619","北京市海淀区619"
"620","供应商620","联系人620","13800000620","北京市海淀区620"
"621","供应商621","联系人621","13800000621","北京市海淀区621"
"622","供应商622","联系人622","13800000622","北京市海淀区622"
"623","供应商623","联系人623","13800000623","北京市海淀区623"
"624","供应商624","联系人624","13800000624","北京市海淀区624"
"625","供应商625","联系人625","13800000625","北京市海淀区625"
"626","供应商626","联系人626","13800000626","北京市海淀区626"
"627","供应商627","联系人627","13800000627","北京市海淀区627"
"628","供应商628","联系人628","13800000628","北京市海淀区628"
"629","供应商629","联系人629","13800000629","北京市海淀区629"
"630","供应商630","联系人630","13800000630","北京市海淀区630"
"631","供应商631","联系人631","13800000631","北京市海淀区631"
"632","供应商632","联系人632","13800000632","北京市海淀区632"
"633","供应商633","联系人633","13800000633","北京市海淀区633"
"634","供应商634","联系人634","13800000634","北京市海淀区634"
"635","供应商635","联系人635","13800000635","北京市海淀区635"
"636","供应商636","联系人636","13800000636","北京市海淀区636"
"637","供应商637","联系人637","13800000637","北京市海淀区637"
"638","供应商638","联系人638","13800000638","北京市海淀区638"
"639","供应商639","联系人639","13800000639","北京市海淀区639"
"640","供应商640","联系人640","13800000640","北京市海淀区640"
"641","供应商641","联系人641","13800000641","北京市海淀区641"
"642","供应商642","联系人642","13800000642","北京市海淀区642"
"643","供应商643","联系人643","13800000643","北京市海淀区643"
"644","供应商644","联系人644","13800000644","北京市海淀区644"
"645","供应商645","联系人645","13800000645","北京市海淀区645"
"646","供应商646","联系人646","13800000646","北京市海淀区646"
"647","供应商647","联系人647","13800000647","北京市海淀区647"
"648","供应商648","联系人648","13800000648","北京市海淀区648"
"649","供应商649","联系人649","13800000649","北京市海淀区649"
"650","供应商650","联系人650","13800000650","北京市海淀区650"
"651","供应商651","联系人651","13800000651","北京市海淀区651"
"652","供应商652","联系人652","13800000652","北京市海淀区652"
"653","供应商653","联系人653","13800000653","北京市海淀区653"
"654","供应商654","联系人654","13800000654","北京市海淀区654"
"655","供应商655","联系人655","13800000655","北京市海淀区655"
"656","供应商656","联系人656","13800000656","北京市海淀区656"
"657","供应商657","联系人657","13800000657","北京市海淀区657"
"658","供应商658","联系人658","13800000658","北京市海淀区658"
"659","供应商659","联系人659","13800000659","北京市海淀区659"
"660","供应商660","联系人660","13800000660","北京市海淀区660"
"661","供应商661","联系人661","13800000661","北京市海淀区661"
"662","供应商662","联系人662","13800000662","北京市海淀区662"
"663","供应商663","联系人663","13800000663","北京市海淀区663"
"664","供应商664","联系人664","13800000664","北京市海淀区664"
"665","供应商665","联系人665","13800000665","北京市海淀区665"
"666","供应商666","联系人666","13800000666","北京市海淀区666"
"667","供应商667","联系人667","13800000667","北京市海淀区667"
"668","供应商668","联系人668","13800000668","北京市海淀区668"
"669","供应商669","联系人669","13800000669","北京市海淀区669"
"670","供应商670","联系人670","13800000670","北京市海淀区670"
"671","供应商671","联系人671","13800000671","北京市海淀区671"
"672","供应商672","联系人672","13800000672","北京市海淀区672"
"673","供应商673","联系人673","13800000673","北京市海淀区673"
"674","供应商674","联系人674","13800000674","北京市海淀区674"
"675","供应商675","联系人675","13800000675","北京市海淀区675"
"676","供应商676","联系人676","13800000676","北京市海淀区676"
"677","供应商677","联系人677","13800000677","北京市海淀区677"
"678","供应商678","联系人678","13800000678","北京市海淀区678"
"679","供应商679","联系人679","13800000679","北京市海淀区679"
"680","供应商680","联系人680","13800000680","北京市海淀区680"
"681","供应商681","联系人681","13800000681","北京市海淀区681"
"682","供应商682","联系人682","13800000682","北京市海淀区682"
"683","供应商683","联系人683","13800000683","北京市海淀区683"
"684","供应商684","联系人684","13800000684","北京市海淀区684"
"685","供应商685","联系人685","13800000685","北京市海淀区685"
"686","供应商686","联系人686","13800000686","北京市海淀区686"
"687","供应商687","联系人687","13800000687","北京市海淀区687"
"688","供应商688","联系人688","13800000688","北京市海淀区688"
"689","供应商689","联系人689","13800000689","北京市海淀区689"
"690","供应商690","联系人690","13800000690","北京市海淀区690"
"691","供应商691","联系人691","13800000691","北京市海淀区691"
"692","供应商692","联系人692","13800000692","北京市海淀区692"
"693","供应商693","联系人693","13800000693","北京市海淀区693"
"694","供应商694","联系人694","13800000694","北京市海淀区694"
"695","供应商695","联系人695","13800000695","北京市海淀区695"
"696","供应商696","联系人696","13800000696","北京市海淀区696"
"697","供应商697","联系人697","13800000697","北京市海淀区697"
"698","供应商698","联系人698","13800000698","北京市海淀区698"
"699","供应商699","联系人699","13800000699","北京市海淀区699"
"700","供应商700","联系人700","13800000700","北京市海淀区700"
"701","供应商701","联系人701","13800000701","北京市海淀区701"
"702","供应商702","联系人702","13800000702","北京市海淀区702"
"703","供应商703","联系人703","13800000703","北京市海淀区703"
"704","供应商704","联系人704","13800000704","北京市海淀区704"
"705","供应商705","联系人705","13800000705","北京市海淀区705"
"706","供应商706","联系人706","13800000706","北京市海淀区706"
"707","供应商707","联系人707","13800000707","北京市海淀区707"
"708","供应商708","联系人708","13800000708","北京市海淀区708"
"709","供应商709","联系人709","13800000709","北京市海淀区709"
"710","供应商710","联系人710","13800000710","北京市海淀区710"
"711","供应商711","联系人711","13800000711","北京市海淀区711"
"712","供应商712","联系人712","13800000712","北京市海淀区712"
"713","供应商713","联系人713","13800000713","北京市海淀区713"
"714","供应商714","联系人714","13800000714","北京市海淀区714"
"715","供应商715","联系人715","13800000715","北京市海淀区715"
"716","供应商716","联系人716","13800000716","北京市海淀区716"
"717","供应商717","联系人717","13800000717","北京市海淀区717"
"718","供应商718","联系人718","13800000718","北京市海淀区718"
"719","供应商719","联系人719","13800000719","北京市海淀区719"
"720","供应商720","联系人720","13800000720","北京市海淀区720"
"721","供应商721","联系人721","13800000721","北京市海淀区721"
"722","供应商722","联系人722","13800000722","北京市海淀区722"
"723","供应商723","联系人723","13800000723","北京市海淀区723"
"724","供应商724","联系人724","13800000724","北京市海淀区724"
"725","供应商725","联系人725","13800000725","北京市海淀区725"
"726","供应商726","联系人726","13800000726","北京市海淀区726"
"727","供应商727","联系人727","13800000727","北京市海淀区727"
"728","供应商728","联系人728","13800000728","北京市海淀区728"
"729","供应商729","联系人729","13800000729","北京市海淀区729"
"730","供应商730","联系人730","13800000730","北京市海淀区730"
"731","供应商731","联系人731","13800000731","北京市海淀区731"
"732","供应商732","联系人732","13800000732","北京市海淀区732"
"733","供应商733","联系人733","13800000733","北京市海淀区733"
"734","供应商734","联系人734","13800000734","北京市海淀区734"
"735","供应商735","联系人735","13800000735","北京市海淀区735"
"736","供应商736","联系人736","13800000736","北京市海淀区736"
"737","供应商737","联系人737","13800000737","北京市海淀区737"
"738","供应商738","联系人738","13800000738","北京市海淀区738"
"739","供应商739","联系人739","13800000739","北京市海淀区739"
"740","供应商740","联系人740","13800000740","北京市海淀区740"
"741","供应商741","联系人741","13800000741","北京市海淀区741"
"742","供应商742","联系人742","13800000742","北京市海淀区742"
"743","供应商743","联系人743","13800000743","北京市海淀区743"
"744","供应商744","联系人744","13800000744","北京市海淀区744"
"745","供应商745","联系人745","13800000745","北京市海淀区745"
"746","供应商746","联系人746","13800000746","北京市海淀区746"
"747","供应商747","联系人747","13800000747","北京市海淀区747"
"748","供应商748","联系人748","13800000748","北京市海淀区748"
"749","供应商749","联系人749","13800000749","北京市海淀区749"
"750","供应商750","联系人750","13800000750","北京市海淀区750"
"751","供应商751","联系人751","13800000751","北京市海淀区751"
"752","供应商752","联系人752","13800000752","北京市海淀区752"
"753","供应商753","联系人753","13800000753","北京市海淀区753"
"754","供应商754","联系人754","13800000754","北京市海淀区754"
"755","供应商755","联系人755","13800000755","北京市海淀区755"
"756","供应商756","联系人756","13800000756","北京市海淀区756"
"757","供应商757","联系人757","13800000757","北京市海淀区757"
"758","供应商758","联系人758","13800000758","北京市海淀区758"
"759","供应商759","联系人759","13800000759","北京市海淀区759"
"760","供应商760","联系人760","13800000760","北京市海淀区760"
"761","供应商761","联系人761","13800000761","北京市海淀区761"
"762","供应商762","联系人762","13800000762","北京市海淀区762"
"763","供应商763","联系人763","13800000763","北京市海淀区763"
"764","供应商764","联系人764","13800000764","北京市海淀区764"
"765","供应商765","联系人765","13800000765","北京市海淀区765"
"766","供应商766","联系人766","13800000766","北京市海淀区766"
"767","供应商767","联系人767","13800000767","北京市海淀区767"
"768","供应商768","联系人768","13800000768","北京市海淀区768"
"769","供应商769","联系人769","13800000769","北京市海淀区769"
"770","供应商770","联系人770","13800000770","北京市海淀区770"
"771","供应商771","联系人771","13800000771","北京市海淀区771"
"772","供应商772","联系人772","13800000772","北京市海淀区772"
"773","供应商773","联系人773","13800000773","北京市海淀区773"
"774","供应商774","联系人774","13800000774","北京市海淀区774"
"775","供应商775","联系人775","13800000775","北京市海淀区775"
"776","供应商776","联系人776","13800000776","北京市海淀区776"
"777","供应商777","联系人777","13800000777","北京市海淀区777"
"778","供应商778","联系人778","13800000778","北京市海淀区778"
"779","供应商779","联系人779","13800000779","北京市海淀区779"
"780","供应商780","联系人780","13800000780","北京市海淀区780"
"781","供应商781","联系人781","13800000781","北京市海淀区781"
"782","供应商782","联系人782","13800000782","北京市海淀区782"
"783","供应商783","联系人783","13800000783","北京市海淀区783"
"784","供应商784","联系人784","13800000784","北京市海淀区784"
"785","供应商785","联系人785","13800000785","北京市海淀区785"
"786","供应商786","联系人786","13800000786","北京市海淀区786"
"787","供应商787","联系人787","13800000787","北京市海淀区787"
"788","供应商788","联系人788","13800000788","北京市海淀区788"
"789","供应商789","联系人789","13800000789","北京市海淀区789"
"790","供应商790","联系人790","13800000790","北京市海淀区790"
"791","供应商791","联系人791","13800000791","北京市海淀区791"
"792","供应商792","联系人792","13800000792","北京市海淀区792"
"793","供应商793","联系人793","13800000793","北京市海淀区793"
"794","供应商794","联系人794","13800000794","北京市海淀区794"
"795","供应商795","联系人795","13800000795","北京市海淀区795"
"796","供应商796","联系人796","13800000796","北京市海淀区796"
"797","供应商797","联系人797","13800000797","北京市海淀区797"
"798","供应商798","联系人798","13800000798","北京市海淀区798"
"799","供应商799","联系人799","13800000799","北京市海淀区799"
"800","供应商800","联系人800","13800000800","北京市海淀区800"
"801","供应商801","联系人801","13800000801","北京市海淀区801"
"802","供应商802","联系人802","13800000802","北京市海淀区802"
"803","供应商803","联系人803","13800000803","北京市海淀区803"
"804","供应商804","联系人804","13800000804","北京市海淀区804"
"805","供应商805","联系人805","13800000805","北京市海淀区805"
"806","供应商806","联系人806","13800000806","北京市海淀区806"
"807","供应商807","联系人807","13800000807","北京市海淀区807"
"808","供应商808","联系人808","13800000808","北京市海淀区808"
"809","供应商809","联系人809","13800000809","北京市海淀区809"
"810","供应商810","联系人810","13800000810","北京市海淀区810"
"811","供应商811","联系人811","13800000811","北京市海淀区811"
"812","供应商812","联系人812","13800000812","北京市海淀区812"
"813","供应商813","联系人813","13800000813","北京市海淀区813"
"814","供应商814","联系人814","13800000814","北京市海淀区814"
"815","供应商815","联系人815","13800000815","北京市海淀区815"
"816","供应商816","联系人816","13800000816","北京市海淀区816"
"817","供应商817","联系人817","13800000817","北京市海淀区817"
"818","供应商818","联系人818","13800000818","北京市海淀区818"
"819","供应商819","联系人819","13800000819","北京市海淀区819"
"820","供应商820","联系人820","13800000820","北京市海淀区820"
"821","供应商821","联系人821","13800000821","北京市海淀区821"
"822","供应商822","联系人822","13800000822","北京市海淀区822"
"823","供应商823","联系人823","13800000823","北京市海淀区823"
"824","供应商824","联系人824","13800000824","北京市海淀区824"
"825","供应商825","联系人825","13800000825","北京市海淀区825"
"826","供应商826","联系人826","13800000826","北京市海淀区826"
"827","供应商827","联系人827","13800000827","北京市海淀区827"
"828","供应商828","联系人828","13800000828","北京市海淀区828"
"829","供应商829","联系人829","13800000829","北京市海淀区829"
"830","供应商830","联系人830","13800000830","北京市海淀区830"
"831","供应商831","联系人831","13800000831","北京市海淀区831"
"832","供应商832","联系人832","13800000832","北京市海淀区832"
"833","供应商833","联系人833","13800000833","北京市海淀区833"
"834","供应商834","联系人834","13800000834","北京市海淀区834"
"835","供应商835","联系人835","13800000835","北京市海淀区835"
"836","供应商836","联系人836","13800000836","北京市海淀区836"
"837","供应商837","联系人837","13800000837","北京市海淀区837"
"838","供应商838","联系人838","13800000838","北京市海淀区838"
"839","供应商839","联系人839","13800000839","北京市海淀区839"
"840","供应商840","联系人840","13800000840","北京市海淀区840"
"841","供应商841","联系人841","13800000841","北京市海淀区841"
"842","供应商842","联系人842","13800000842","北京市海淀区842"
"843","供应商843","联系人843","13800000843","北京市海淀区843"
"844","供应商844","联系人844","13800000844","北京市海淀区844"
"845","供应商845","联系人845","13800000845","北京市海淀区845"
"846","供应商846","联系人846","13800000846","北京市海淀区846"
"847","供应商847","联系人847","13800000847","北京市海淀区847"
"848","供应商848","联系人848","13800000848","北京市海淀区848"
"849","供应商849","联系人849","13800000849","北京市海淀区849"
"850","供应商850","联系人850","13800000850","北京市海淀区850"
"851","供应商851","联系人851","13800000851","北京市海淀区851"
"852","供应商852","联系人852","13800000852","北京市海淀区852"
"853","供应商853","联系人853","13800000853","北京市海淀区853"
"854","供应商854","联系人854","13800000854","北京市海淀区854"
"855","供应商855","联系人855","13800000855","北京市海淀区855"
"856","供应商856","联系人856","13800000856","北京市海淀区856"
"857","供应商857","联系人857","13800000857","北京市海淀区857"
"858","供应商858","联系人858","13800000858","北京市海淀区858"
"859","供应商859","联系人859","13800000859","北京市海淀区859"
"860","供应商860","联系人860","13800000860","北京市海淀区860"
"861","供应商861","联系人861","13800000861","北京市海淀区861"
"862","供应商862","联系人862","13800000862","北京市海淀区862"
"863","供应商863","联系人863","13800000863","北京市海淀区863"
"864","供应商864","联系人864","13800000864","北京市海淀区864"
"865","供应商865","联系人865","13800000865","北京市海淀区865"
"866","供应商866","联系人866","13800000866","北京市海淀区866"
"867","供应商867","联系人867","13800000867","北京市海淀区867"
"868","供应商868","联系人868","13800000868","北京市海淀区868"
"869","供应商869","联系人869","13800000869","北京市海淀区869"
"870","供应商870","联系人870","13800000870","北京市海淀区870"
"871","供应商871","联系人871","13800000871","北京市海淀区871"
"872","供应商872","联系人872","13800000872","北京市海淀区872"
"873","供应商873","联系人873","13800000873","北京市海淀区873"
"874","供应商874","联系人874","13800000874","北京市海淀区874"
"875","供应商875","联系人875","13800000875","北京市海淀区875"
"876","供应商876","联系人876","13800000876","北京市海淀区876"
"877","供应商877","联系人877","13800000877","北京市海淀区877"
"878","供应商878","联系人878","13800000878","北京市海淀区878"
"879","供应商879","联系人879","13800000879","北京市海淀区879"
"880","供应商880","联系人880","13800000880","北京市海淀区880"
"881","供应商881","联系人881","13800000881","北京市海淀区881"
"882","供应商882","联系人882","13800000882","北京市海淀区882"
"883","供应商883","联系人883","13800000883","北京市海淀区883"
"884","供应商884","联系人884","13800000884","北京市海淀区884"
"885","供应商885","联系人885","13800000885","北京市海淀区885"
"886","供应商886","联系人886","13800000886","北京市海淀区886"
"887","供应商887","联系人887","13800000887","北京市海淀区887"
"888","供应商888","联系人888","13800000888","北京市海淀区888"
"889","供应商889","联系人889","13800000889","北京市海淀区889"
"890","供应商890","联系人890","13800000890","北京市海淀区890"
"891","供应商891","联系人891","13800000891","北京市海淀区891"
"892","供应商892","联系人892","13800000892","北京市海淀区892"
"893","供应商893","联系人893","13800000893","北京市海淀区893"
"894","供应商894","联系人894","13800000894","北京市海淀区894"
"895","供应商895","联系人895","13800000895","北京市海淀区895"
"896","供应商896","联系人896","13800000896","北京市海淀区896"
"897","供应商897","联系人897","13800000897","北京市海淀区897"
"898","供应商898","联系人898","13800000898","北京市海淀区898"
"899","供应商899","联系人899","13800000899","北京市海淀区899"
"900","供应商900","联系人900","13800000900","北京市海淀区900"
"901","供应商901","联系人901","13800000901","北京市海淀区901"
"902","供应商902","联系人902","13800000902","北京市海淀区902"
"903","供应商903","联系人903","13800000903","北京市海淀区903"
"904","供应商904","联系人904","13800000904","北京市海淀区904"
"905","供应商905","联系人905","13800000905","北京市海淀区905"
"906","供应商906","联系人906","13800000906","北京市海淀区906"
"907","供应商907","联系人907","13800000907","北京市海淀区907"
"908","供应商908","联系人908","13800000908","北京市海淀区908"
"909","供应商909","联系人909","13800000909","北京市海淀区909"
"910","供应商910","联系人910","13800000910","北京市海淀区910"
"911","供应商911","联系人911","13800000911","北京市海淀区911"
"912","供应商912","联系人912","13800000912","北京市海淀区912"
"913","供应商913","联系人913","13800000913","北京市海淀区913"
"914","供应商914","联系人914","13800000914","北京市海淀区914"
"915","供应商915","联系人915","13800000915","北京市海淀区915"
"916","供应商916","联系人916","13800000916","北京市海淀区916"
"917","供应商917","联系人917","13800000917","北京市海淀区917"
"918","供应商918","联系人918","13800000918","北京市海淀区918"
"919","供应商919","联系人919","13800000919","北京市海淀区919"
"920","供应商920","联系人920","13800000920","北京市海淀区920"
"921","供应商921","联系人921","13800000921","北京市海淀区921"
"922","供应商922","联系人922","13800000922","北京市海淀区922"
"923","供应商923","联系人923","13800000923","北京市海淀区923"
"924","供应商924","联系人924","13800000924","北京市海淀区924"
"925","供应商925","联系人925","13800000925","北京市海淀区925"
"926","供应商926","联系人926","13800000926","北京市海淀区926"
"927","供应商927","联系人927","13800000927","北京市海淀区927"
"928","供应商928","联系人928","13800000928","北京市海淀区928"
"929","供应商929","联系人929","13800000929","北京市海淀区929"
"930","供应商930","联系人930","13800000930","北京市海淀区930"
"931","供应商931","联系人931","13800000931","北京市海淀区931"
"932","供应商932","联系人932","13800000932","北京市海淀区932"
"933","供应商933","联系人933","13800000933","北京市海淀区933"
"934","供应商934","联系人934","13800000934","北京市海淀区934"
"935","供应商935","联系人935","13800000935","北京市海淀区935"
"936","供应商936","联系人936","13800000936","北京市海淀区936"
"937","供应商937","联系人937","13800000937","北京市海淀区937"
"938","供应商938","联系人938","13800000938","北京市海淀区938"
"939","供应商939","联系人939","13800000939","北京市海淀区939"
"940","供应商940","联系人940","13800000940","北京市海淀区940"
"941","供应商941","联系人941","13800000941","北京市海淀区941"
"942","供应商942","联系人942","13800000942","北京市海淀区942"
"943","供应商943","联系人943","13800000943","北京市海淀区943"
"944","供应商944","联系人944","13800000944","北京市海淀区944"
"945","供应商945","联系人945","13800000945","北京市海淀区945"
"946","供应商946","联系人946","13800000946","北京市海淀区946"
"947","供应商947","联系人947","13800000947","北京市海淀区947"
"948","供应商948","联系人948","13800000948","北京市海淀区948"
"949","供应商949","联系人949","13800000949","北京市海淀区949"
"950","供应商950","联系人950","13800000950","北京市海淀区950"
"951","供应商951","联系人951","13800000951","北京市海淀区951"
"952","供应商952","联系人952","13800000952","北京市海淀区952"
"953","供应商953","联系人953","13800000953","北京市海淀区953"
"954","供应商954","联系人954","13800000954","北京市海淀区954"
"955","供应商955","联系人955","13800000955","北京市海淀区955"
"956","供应商956","联系人956","13800000956","北京市海淀区956"
"957","供应商957","联系人957","13800000957","北京市海淀区957"
"958","供应商958","联系人958","13800000958","北京市海淀区958"
"959","供应商959","联系人959","13800000959","北京市海淀区959"
"960","供应商960","联系人960","13800000960","北京市海淀区960"
"961","供应商961","联系人961","13800000961","北京市海淀区961"
"962","供应商962","联系人962","13800000962","北京市海淀区962"
"963","供应商963","联系人963","13800000963","北京市海淀区963"
"964","供应商964","联系人964","13800000964","北京市海淀区964"
"965","供应商965","联系人965","13800000965","北京市海淀区965"
"966","供应商966","联系人966","13800000966","北京市海淀区966"
"967","供应商967","联系人967","13800000967","北京市海淀区967"
"968","供应商968","联系人968","13800000968","北京市海淀区968"
"969","供应商969","联系人969","13800000969","北京市海淀区969"
"970","供应商970","联系人970","13800000970","北京市海淀区970"
"971","供应商971","联系人971","13800000971","北京市海淀区971"
"972","供应商972","联系人972","13800000972","北京市海淀区972"
"973","供应商973","联系人973","13800000973","北京市海淀区973"
"974","供应商974","联系人974","13800000974","北京市海淀区974"
"975","供应商975","联系人975","13800000975","北京市海淀区975"
"976","供应商976","联系人976","13800000976","北京市海淀区976"
"977","供应商977","联系人977","13800000977","北京市海淀区977"
"978","供应商978","联系人978","13800000978","北京市海淀区978"
"979","供应商979","联系人979","13800000979","北京市海淀区979"
"980","供应商980","联系人980","13800000980","北京市海淀区980"
"981","供应商981","联系人981","13800000981","北京市海淀区981"
"982","供应商982","联系人982","13800000982","北京市海淀区982"
"983","供应商983","联系人983","13800000983","北京市海淀区983"
"984","供应商984","联系人984","13800000984","北京市海淀区984"
"985","供应商985","联系人985","13800000985","北京市海淀区985"
"986","供应商986","联系人986","13800000986","北京市海淀区986"
"987","供应商987","联系人987","13800000987","北京市海淀区987"
"988","供应商988","联系人988","13800000988","北京市海淀区988"
"989","供应商989","联系人989","13800000989","北京市海淀区989"
"990","供应商990","联系人990","13800000990","北京市海淀区990"
"991","供应商991","联系人991","13800000991","北京市海淀区991"
"992","供应商992","联系人992","13800000992","北京市海淀区992"
"993","供应商993","联系人993","13800000993","北京市海淀区993"
"994","供应商994","联系人994","13800000994","北京市海淀区994"
"995","供应商995","联系人995","13800000995","北京市海淀区995"
"996","供应商996","联系人996","13800000996","北京市海淀区996"
"997","供应商997","联系人997","13800000997","北京市海淀区997"
"998","供应商998","联系人998","13800000998","北京市海淀区998"
"999","供应商999","联系人999","13800000999","北京市海淀区999"
"1000","供应商1000","联系人1000","13800001000","北京市海淀区100"
